#{"t_start": 1760777147.9701302, "env_id": "None"}
r,l,t
1.738197,7,0.014356
7.626393,11,0.019261
4.838197,10,0.023942
3.640963,9,0.027916
13.238197,18,0.035381
14.9868,21,0.044061
5.0,10,0.04839
2.788197,8,0.052217
-1.411803,4,0.054429
-2.461803,3,0.0559
-1.608114,4,0.057823
-3.608114,2,0.058869
-2.608114,3,0.060427
2.641496,8,0.063589
-0.65,5,0.065939
0.391886,6,0.06863
14.532716,20,0.076387
3.391886,9,0.080143
-3.608114,2,0.08117
19.050793,23,0.090626
-2.461803,3,0.092047
1.605741,7,0.094966
2.391886,8,0.098201
2.788197,8,0.101664
5.279289,10,0.106097
8.288197,13,0.11138
6.15,11,0.115399
-2.461803,3,0.117218
4.506336,10,0.121922
4.538197,9,0.125494
-3.608114,2,0.126644
-2.461803,3,0.128016
4.788197,10,0.131626
4.938197,10,0.135567
0.391886,6,0.138149
-0.608114,5,0.14028
-0.361803,5,0.14225
-1.411803,4,0.143916
-1.411803,4,0.145667
1.621969,7,0.148754
-1.65,4,0.1508
12.391886,18,0.158607
8.9,14,0.165128
-1.411803,4,0.167193
2.391886,8,0.171035
0.35,6,0.173656
6.503275,12,0.179217
1.35,7,0.18273
13.412873,16,0.189155
2.229289,7,0.192109
4.682725,10,0.19657
-2.461803,3,0.197864
-2.608114,3,0.199297
-0.261803,5,0.201754
10.379289,15,0.207296
9.938197,15,0.213126
3.329289,8,0.216537
-1.608114,4,0.218428
-2.461803,3,0.219851
-2.65,3,0.221365
12.495161,18,0.228186
37.972511,43,0.244817
6.126393,9,0.248508
-1.65,4,0.250281
2.605741,8,0.253627
-1.608114,4,0.255374
3.429289,8,0.258706
0.391886,6,0.261309
8.088197,13,0.266459
5.938197,11,0.271365
26.503229,31,0.282615
8.99693,12,0.287957
-2.65,3,0.289392
2.938197,8,0.292889
2.85,8,0.296334
-1.070711,4,0.298083
4.129289,9,0.301938
2.35,8,0.305529
5.429289,10,0.309659
-1.65,4,0.311314
1.619333,7,0.314384
1.35,7,0.317664
1.503275,7,0.32072
-0.65,5,0.322858
-1.608114,4,0.3246
4.862467,10,0.32861
-3.608114,2,0.329664
-3.608114,2,0.330766
24.29083,29,0.341523
5.566575,11,0.345832
3.35,9,0.349541
5.566892,11,0.354283
-3.608114,2,0.355323
17.488197,22,0.363791
-1.608114,4,0.365607
-0.65,5,0.367908
0.605741,6,0.370583
-1.608114,4,0.372335
27.338197,32,0.384037
3.527617,9,0.387621
23.502265,27,0.398208
11.702633,17,0.404656
-3.608114,2,0.405736
-2.461803,3,0.407091
5.35,11,0.411618
4.1,7,0.414537
5.527617,11,0.419373
-3.608114,2,0.420404
4.391886,10,0.424363
10.088197,14,0.430134
25.841886,29,0.954568
-1.608114,4,0.956286
-3.608114,2,0.957312
9.679289,14,0.962502
19.495161,25,0.971735
-1.608114,4,0.973366
10.693203,16,0.979475
1.129289,6,0.982055
4.725658,10,0.986085
16.391886,22,0.993961
19.765076,23,1.003052
1.888197,7,1.005887
5.891886,11,1.009945
-1.070711,4,1.011686
11.35,17,1.01827
-1.65,4,1.020044
41.538197,45,1.036055
-2.65,3,1.037328
-2.65,3,1.03859
-1.070711,4,1.040203
1.605741,7,1.04289
43.295738,50,1.05987
-2.608114,3,1.061415
2.35,8,1.064931
27.587722,33,1.078064
-1.070711,4,1.079771
5.35,11,1.084452
-3.608114,2,1.08582
29.15,31,1.096877
6.988197,12,1.101873
-0.65,5,1.104432
-0.65,5,1.106637
10.25,13,1.113747
-1.65,4,1.116461
10.391886,16,1.123459
-1.65,4,1.125552
-2.65,3,1.128446
3.581399,9,1.134479
2.391886,8,1.138136
13.2,18,1.145156
-1.608114,4,1.147347
13.4,18,1.155245
-3.608114,2,1.15653
18.729289,22,1.165028
5.35,11,1.169401
-2.65,3,1.171584
36.5,41,1.188551
2.511389,8,1.191832
6.751317,12,1.196287
41.329289,43,1.211563
6.629289,11,1.216354
9.929289,14,1.22205
8.629289,13,1.227124
12.35,18,1.234093
9.679289,14,1.239566
2.807067,8,1.242894
43.457359,49,1.261265
26.75,30,1.27292
6.35,12,1.277347
9.1,14,1.2831
23.588197,28,1.293471
-3.608114,2,1.294518
-0.608114,5,1.296736
-2.608114,3,1.297979
-1.65,4,1.299617
0.029289,5,1.302127
-3.608114,2,1.30318
-3.608114,2,1.304166
1.391886,7,1.307162
12.141886,17,1.313373
1.888197,7,1.316159
6.988197,12,1.320766
33.15,34,1.333022
11.985879,17,1.33946
3.738197,9,1.34293
5.0,10,1.346613
16.207724,20,1.353951
15.729289,20,1.877575
3.391886,9,1.881375
29.138197,34,1.89467
-3.608114,2,1.89577
33.188197,37,1.90967
2.788197,8,1.913259
3.391886,9,1.917196
64.228848,65,1.940567
27.879289,31,1.951818
0.519503,6,1.954488
22.6,26,1.964344
6.991886,12,1.969339
-1.608114,4,1.971101
-2.65,3,1.972427
6.35,12,1.977344
13.399561,19,1.984421
13.388197,18,1.99101
16.5,19,1.998161
0.391886,6,2.000699
2.888197,8,2.003897
0.738197,6,2.006323
4.511389,10,2.010235
8.129289,13,2.015133
1.129289,6,2.017689
13.038197,18,2.024507
-1.65,4,2.026099
1.35,7,2.028764
-0.608114,5,2.031163
16.041886,21,2.038647
9.35,15,2.044586
22.838197,27,2.054126
0.527617,6,2.056774
-1.608114,4,2.058347
19.026393,21,2.066833
1.838197,7,2.069973
5.229289,10,2.074164
-2.461803,3,2.075514
38.945458,41,2.089952
14.988197,20,2.097124
42.302633,47,2.1136
4.838197,10,2.11779
20.539839,26,2.126487
6.988197,12,2.13091
10.581399,16,2.137128
16.397795,22,2.144729
-0.211803,5,2.146719
21.391886,27,2.156857
16.588197,21,2.16414
33.075736,34,2.177012
42.429289,44,2.193356
19.5,24,2.20341
0.391886,6,2.206343
5.888197,11,2.211568
28.180606,32,2.223384
23.938197,28,2.234963
-0.211803,5,2.237526
5.391886,11,2.242692
-0.361803,5,2.245248
3.329289,8,2.249041
125.776975,128,2.846344
17.438364,23,2.855489
16.589513,22,2.864032
10.088197,15,2.870131
-0.608114,5,2.872335
8.8,12,2.877121
34.776393,36,2.890965
5.391886,11,2.895304
-2.461803,3,2.896888
8.038197,13,2.902277
20.329289,24,2.911325
12.05,17,2.918011
8.391886,14,2.924245
3.938197,9,2.927824
0.391886,6,2.9303
-2.461803,3,2.932451
-2.461803,3,2.933808
9.35,15,2.939867
8.038197,13,2.944836
-0.608114,5,2.947004
1.35,7,2.950137
16.391886,22,2.958146
19.929289,24,2.96703
13.548944,19,2.97389
5.788197,11,2.97814
-2.65,3,2.979542
39.74075,46,2.996294
18.538197,23,3.005028
7.329289,12,3.00954
24.05,29,3.020617
4.597627,10,3.024724
1.738197,7,3.02769
3.391886,9,3.031666
11.05,16,3.03861
15.479289,20,3.04614
20.088197,25,3.055603
-0.608114,5,3.057719
6.629289,11,3.061901
-0.3,5,3.065135
-1.608114,4,3.067251
11.718861,17,3.073955
1.838197,7,3.076897
-0.261803,5,3.079101
17.381567,23,3.087873
1.391886,7,3.090945
40.4,43,3.106794
36.872492,39,3.120843
-3.608114,2,3.121918
13.138197,18,3.128789
6.35,12,3.133698
29.741886,34,3.145915
-0.65,5,3.147992
15.5,20,3.156142
29.678292,35,3.168813
-3.608114,2,3.169965
56.262706,60,3.191342
15.229289,19,3.198788
12.429289,17,3.205943
12.454592,18,3.212559
1.35,7,3.215369
0.788197,6,3.21804
39.327208,40,3.776605
-0.361803,5,3.778633
50.146264,56,3.798007
17.488197,22,3.806291
4.35,10,3.810543
32.2,36,3.824144
24.391886,30,3.835012
10.838197,16,3.840874
42.145736,49,3.857686
14.391886,20,3.864958
36.026393,39,3.878752
20.229289,24,3.887508
25.924602,31,3.899108
30.1,35,3.911514
-0.608114,5,3.913549
6.718861,12,3.918402
74.15,77,3.94484
18.93008,24,3.953799
53.15,55,3.973878
12.35,18,3.980541
-3.608114,2,3.981553
9.391886,15,3.98818
46.776393,50,4.008077
14.391886,20,4.015542
23.838197,28,4.02718
-1.472383,4,4.028927
0.391886,6,4.031412
10.391886,16,4.037471
46.449874,49,4.056248
15.35,21,4.063951
12.293705,18,4.071546
55.038197,59,4.092239
-3.608114,2,4.093353
14.35,20,4.101312
9.138197,14,4.106726
5.888197,11,4.11084
89.50429,91,4.645314
1.391886,7,4.648246
-0.608114,5,4.650945
48.43535,54,4.670935
-0.65,5,4.673162
28.1,32,4.685301
13.511389,19,4.693084
15.405909,21,4.701638
37.638197,42,4.717522
32.038197,37,4.731606
20.44307,26,4.741962
0.391886,6,4.744596
24.35,30,4.756544
-2.65,3,4.757948
-2.461803,3,4.759456
35.838197,40,4.77458
25.391886,31,4.786642
1.503275,7,4.789762
5.391886,11,4.79426
12.391886,18,4.80136
-3.608114,2,4.802368
27.838197,32,4.814487
-2.608114,3,4.81611
-2.65,3,4.817845
22.391886,28,4.828406
5.506336,11,4.833606
0.391886,6,4.836395
52.688197,53,4.856218
15.484033,21,4.86423
17.391886,23,4.872709
-1.65,4,4.874562
42.35,48,4.892228
3.35,9,4.895875
5.391886,11,4.900105
19.451577,25,4.910224
13.476059,19,4.917769
15.391886,21,4.925875
2.391886,8,4.929194
10.6,14,4.935111
13.35,19,4.942959
2.35,8,4.946741
-3.608114,2,4.94797
6.565172,12,4.953003
23.662064,29,4.963372
5.478934,11,4.968225
14.536614,20,4.975943
0.35,6,4.9783
-2.608114,3,4.979661
35.676975,41,4.994728
51.405909,57,5.015607
7.35,13,5.021005
20.038197,25,5.030291
-0.261803,5,5.032963
1.391886,7,5.036111
15.391886,21,5.044272
35.338197,39,5.618441
58.35,64,5.643287
4.391886,10,5.647814
89.288197,88,5.68289
15.0,20,5.692269
37.088197,41,5.708643
58.402894,64,5.733887
13.391886,19,5.741986
43.621969,49,5.760713
66.267232,72,5.785873
46.338197,50,5.803185
11.548944,17,5.809799
8.35,14,5.815464
-0.65,5,5.818182
145.814063,155,5.871706
16.391886,22,5.879922
83.628671,90,5.912158
50.038197,53,5.931991
41.391886,47,5.949521
10.391886,16,5.955442
4.35,10,5.959351
26.422136,32,5.971544
-0.608114,5,5.973666
5.35,11,5.978185
23.446478,29,5.989103
20.35,26,6.511966
23.391886,29,6.522483
3.35,9,6.526152
134.464698,141,6.576585
17.391886,23,6.585154
119.504401,126,6.629837
16.391886,22,6.638395
5.35,11,6.642741
-1.608114,4,6.644427
108.49101,115,6.684841
42.115888,48,6.702585
80.3,81,6.73033
2.35,8,6.733981
33.288197,38,6.747394
6.391886,12,6.752484
3.35,9,6.756234
74.391886,80,6.784076
39.129289,41,6.79854
7.35,13,6.80451
0.35,6,6.807209
205.85,200,7.417283
19.605741,25,7.427045
197.493382,200,7.498064
111.515251,119,7.541123
56.300428,62,7.562556
58.259859,64,7.585704
125.699845,136,7.634275
108.329289,106,7.672129
52.929289,54,7.691793
45.35,51,7.710755
58.391886,64,7.733706
21.391886,27,7.743699
-1.65,4,7.745385
34.391886,40,7.759569
51.130037,57,7.780894
71.186834,77,8.348206
5.35,11,8.352465
24.43025,30,8.363143
26.299731,32,8.374836
75.029289,79,8.403329
99.291886,104,8.440415
200.438197,193,8.507359
61.391886,67,8.531165
50.391886,56,8.551904
45.1,46,8.569125
25.69452,31,8.580179
77.570606,83,8.609989
205.95,200,8.681596
2.391886,8,8.68512
11.391886,17,9.382328
32.9,38,9.39659
45.491886,50,9.415031
202.15,200,9.483462
201.0,200,9.551631
54.988197,60,9.573156
11.35,17,9.579567
115.35,121,9.619353
93.024556,99,9.655401
0.391886,6,9.658168
129.129442,135,9.70715
154.888197,156,10.467798
25.35,31,10.478953
57.1,60,10.499497
1.391886,7,10.502445
0.391886,6,10.504895
199.604839,200,10.570772
60.024556,66,10.593803
43.35,49,10.610781
94.188197,97,10.643959
213.75,200,10.711133
19.391886,25,10.720305
126.203663,132,10.764708
198.923273,200,11.415679
126.391886,132,11.460352
96.141886,98,11.493455
203.6,200,11.562829
59.391886,65,11.586353
75.35,81,11.613952
20.35,26,11.623542
87.538197,89,11.655612
190.799112,191,11.720487
200.421495,200,12.687104
200.55,200,12.754724
68.391886,74,12.780098
67.35,73,12.805951
200.2,200,12.872184
27.391886,33,12.88465
105.35,111,12.924082
145.838197,147,12.973606
163.488197,165,13.55978
90.838197,92,13.590827
204.1,200,13.657666
200.2,200,13.72402
74.35,80,13.75111
34.35,40,13.765152
210.6,200,13.831952
200.2,200,14.405668
210.1,200,14.471497
9.35,15,14.476918
200.2,200,14.5419
204.8,200,14.607739
200.2,200,14.675502
200.45,200,15.264774
200.2,200,15.330233
200.2,200,15.39481
51.35,57,15.414301
200.2,200,15.479365
45.391886,51,15.497671
66.35,72,15.522738
200.2,200,16.149965
200.2,200,16.217311
23.391886,29,16.227894
200.010534,200,16.294112
201.3,200,16.360631
37.35,43,16.37544
198.915159,200,16.439901
200.2,200,17.016771
200.2,200,17.084083
208.7,200,17.152261
200.2,200,17.218493
200.2,200,17.284038
200.510747,200,17.860488
200.2,200,17.925842
200.2,200,17.990912
200.2,200,18.056139
143.35,149,18.105357
107.2893,113,18.143532
200.2,200,18.722898
125.391886,131,18.770689
200.351317,200,18.836392
200.2,200,18.905902
80.391886,86,18.938773
54.391886,60,18.959986
200.2,200,19.609915
200.2,200,19.676846
200.2,200,19.744952
200.2,200,19.813646
81.391886,87,19.843733
200.2,200,19.910492
119.35,125,19.953708
200.2,200,20.534313
188.35,194,20.59949
37.391886,43,20.614457
200.2,200,20.681095
200.2,200,20.748149
200.2,200,21.305651
200.2,200,21.373087
200.2,200,21.439403
169.094566,175,21.49855
167.35,173,21.557698
200.2,200,21.623071
200.2,200,22.211312
200.2,200,22.278147
200.2,200,22.347364
200.2,200,22.41622
200.2,200,22.483818
200.2,200,23.090646
200.2,200,23.156798
200.2,200,23.223116
200.2,200,23.289075
200.2,200,23.355895
200.2,200,24.012476
200.2,200,24.079353
200.2,200,24.146069
200.2,200,24.212522
200.2,200,24.279259
200.2,200,24.913538
200.2,200,24.981065
200.2,200,25.047062
200.2,200,25.114076
215.35,200,25.181555
200.2,200,25.792928
200.2,200,25.861646
200.2,200,25.928689
200.2,200,25.996493
200.2,200,26.063883
200.2,200,26.615409
33.35,39,26.628803
200.2,200,26.695
200.2,200,26.761307
200.2,200,26.826057
200.2,200,26.893396
200.2,200,27.490918
200.2,200,27.558071
200.2,200,27.626144
200.2,200,27.690656
200.2,200,27.755547
200.2,200,27.821368
200.2,200,28.421298
200.2,200,28.487363
200.2,200,28.552602
200.2,200,28.617698
200.2,200,28.684087
200.2,200,29.316315
200.2,200,29.382387
200.2,200,29.453376
200.2,200,29.5183
200.2,200,29.583825
200.2,200,30.171313
200.2,200,30.238273
200.2,200,30.306072
200.2,200,30.37351
200.2,200,30.438372
200.2,200,31.009881
200.2,200,31.077564
200.2,200,31.143956
200.2,200,31.210288
200.2,200,31.281756
200.2,200,31.854346
200.2,200,31.92086
200.2,200,31.987225
200.2,200,32.053688
200.2,200,32.121414
200.2,200,32.767028
200.2,200,32.834219
200.2,200,32.902352
200.2,200,32.967573
200.2,200,33.033937
200.2,200,33.589245
200.2,200,33.655237
200.2,200,33.720604
200.2,200,33.786656
207.55,200,33.854109
200.2,200,34.444419
36.451577,42,34.459369
48.391886,54,34.478586
30.35,36,34.491332
198.850248,200,34.557959
199.093665,200,34.622939
201.55,200,34.688297
104.391886,110,34.72571
200.2,200,35.318971
1.391886,7,35.321934
106.35,112,35.35997
205.05,200,35.426065
200.2,200,35.491202
200.2,200,35.557152
200.2,200,35.63407
200.2,200,36.259575
205.3,200,36.327236
200.2,200,36.392357
200.2,200,36.456898
200.2,200,36.521695
134.391886,140,37.073589
186.9,188,37.135802
207.759431,200,37.201275
17.35,23,37.210519
64.35,70,37.234476
97.391886,103,37.270308
37.391886,43,37.28609
18.454592,24,37.295372
2.391886,8,37.298926
-3.608114,2,37.300007
93.130037,99,37.334475
49.391886,55,37.353926
42.391886,48,37.370528
171.161897,177,37.963951
1.391886,7,37.966949
126.391886,132,38.011962
28.391886,34,38.02411
56.35,62,38.045537
19.35,25,38.054673
187.35,193,38.119099
7.391886,13,38.124186
161.422136,167,38.179671
111.365163,118,38.220062
66.35,72,38.244777
0.391886,6,38.247612
46.39478,52,38.265572
200.059217,200,38.85584
194.538197,190,38.919877
124.35,130,38.965042
6.391886,12,38.970197
17.391886,23,38.979143
16.35,22,38.988222
31.35,37,39.001908
109.391886,115,39.042735
2.391886,8,39.046777
11.524602,17,39.053796
122.516014,128,39.100796
0.391886,6,39.103636
-2.608114,3,39.105304
79.538197,81,39.135718
4.35,10,39.140182
63.378999,70,39.168093
202.25,200,39.895422
95.35,101,39.929961
44.391886,50,39.947492
87.3,90,39.978413
200.2,200,40.044275
200.2,200,40.111453
198.972697,200,40.178119
209.35,200,40.885429
200.2,200,40.950419
204.2,200,41.021146
200.2,200,41.086865
204.35,200,41.155648
78.045883,84,41.868838
200.2,200,41.935317
57.35,63,41.957632
29.088197,34,41.970457
31.35,37,41.983837
200.124128,200,42.050919
15.35,21,42.059047
207.5,200,42.125698
203.1,200,42.192467
200.2,200,42.834584
201.4,200,42.907223
127.35,133,42.953579
206.1,200,43.020931
200.2,200,43.087543
200.2,200,43.67785
198.809679,200,43.745365
199.044982,200,43.812462
200.2,200,43.881484
197.200585,200,43.949216
139.130037,145,43.999634
200.2,200,44.601108
200.2,200,44.668293
200.2,200,44.743191
200.2,200,44.814131
198.98007,200,44.880005
200.2,200,45.463122
200.2,200,45.531867
200.2,200,45.601323
200.2,200,45.672982
200.2,200,45.742198
199.377651,200,46.351839
203.35,200,46.418405
200.2,200,46.485636
200.2,200,46.5518
42.35,48,46.567756
200.2,200,46.635056
74.391886,80,47.155669
200.2,200,47.221903
200.2,200,47.287902
200.2,200,47.354367
143.391886,149,47.404298
200.2,200,47.471092
200.2,200,48.038948
200.2,200,48.108458
200.2,200,48.174561
200.2,200,48.2401
200.2,200,48.306425
200.2,200,48.86794
200.2,200,48.935589
200.2,200,49.004221
200.2,200,49.073048
200.2,200,49.141512
200.2,200,49.724392
200.2,200,49.790923
200.2,200,49.857582
200.2,200,49.923782
200.2,200,49.989828
184.391886,190,50.579799
200.2,200,50.645558
199.320854,200,50.711658
200.2,200,50.779039
155.391886,161,50.833881
89.391886,95,50.867021
208.8,200,51.426499
200.2,200,51.49241
199.491245,200,51.558078
173.35,179,51.617384
200.2,200,51.682617
200.2,200,52.270895
200.2,200,52.340045
155.391886,161,52.395238
200.2,200,52.464286
200.2,200,52.535552
200.2,200,53.107888
200.2,200,53.174409
159.35,165,53.230995
200.2,200,53.298092
200.2,200,53.364452
200.2,200,53.430546
200.2,200,54.033137
200.2,200,54.099698
148.391886,154,54.151823
200.2,200,54.218935
200.2,200,54.286013
200.2,200,54.915646
200.2,200,54.982714
200.2,200,55.049307
200.2,200,55.116283
200.2,200,55.182841
200.2,200,55.81831
200.2,200,55.88606
200.2,200,55.952505
200.2,200,56.01888
200.2,200,56.085861
200.2,200,56.659089
200.2,200,56.727312
200.2,200,56.793685
200.2,200,56.860474
200.2,200,56.927389
200.2,200,57.49072
200.2,200,57.557899
200.2,200,57.625164
176.35,182,57.685851
200.2,200,57.753013
200.2,200,57.819451
200.2,200,58.387005
200.2,200,58.45224
200.2,200,58.518223
199.182918,200,58.582574
200.2,200,58.647854
200.2,200,59.296311
200.2,200,59.362888
200.2,200,59.428852
200.2,200,59.49424
59.35,65,59.516783
200.2,200,59.581991
200.2,200,60.163693
200.2,200,60.2303
200.2,200,60.29641
200.2,200,60.362351
200.2,200,60.428843
200.2,200,60.991913
200.2,200,61.059348
200.2,200,61.126116
200.2,200,61.19308
200.2,200,61.259275
200.2,200,61.831889
204.8,200,61.898093
200.2,200,61.964062
200.2,200,62.030352
200.2,200,62.097052
200.2,200,62.730069
200.2,200,62.799087
200.2,200,62.866313
200.2,200,62.933015
200.2,200,63.001411
200.2,200,63.601802
200.2,200,63.667427
200.2,200,63.733725
200.2,200,63.79994
209.9,200,63.866413
200.2,200,64.475222
199.994306,200,64.542143
200.2,200,64.608746
202.6,200,64.67485
200.2,200,64.741083
83.391886,89,64.771445
200.2,200,65.519479
3.35,9,65.523936
200.2,200,65.591711
200.2,200,65.660098
200.2,200,65.728996
200.2,200,65.801439
69.35,75,66.440313
200.2,200,66.512094
200.2,200,66.588997
200.2,200,66.656083
40.35,46,66.672523
205.8,200,66.739518
200.2,200,67.417913
200.2,200,67.484739
200.2,200,67.551578
200.2,200,67.617357
200.2,200,67.683295
200.2,200,67.750943
200.2,200,68.502235
200.2,200,68.568798
200.2,200,68.635415
200.2,200,68.70233
200.2,200,68.770958
200.2,200,69.65236
200.2,200,69.721179
200.2,200,69.7909
200.2,200,69.859731
200.2,200,69.930596
200.2,200,70.637634
200.2,200,70.704024
200.2,200,70.77135
200.2,200,70.83836
200.2,200,70.903924
200.2,200,71.507711
200.2,200,71.572812
200.2,200,71.638004
200.2,200,71.703999
200.2,200,71.769055
200.2,200,72.373023
200.2,200,72.44192
200.2,200,72.510264
200.2,200,72.577221
200.2,200,72.644963
200.2,200,73.255938
23.391886,29,73.26667
200.2,200,73.333494
200.2,200,73.39924
200.2,200,73.467224
200.2,200,73.537687
200.2,200,74.094088
200.2,200,74.160002
200.2,200,74.226912
-0.608114,5,74.22919
200.2,200,74.295495
200.2,200,74.361661
200.2,200,74.971706
200.2,200,75.037917
199.27217,200,75.102793
200.2,200,75.16923
200.2,200,75.236351
200.2,200,75.888498
200.2,200,75.954939
200.2,200,76.02159
200.2,200,76.087438
200.2,200,76.153626
202.05,200,76.771745
83.391886,89,76.801792
200.2,200,76.869174
200.2,200,76.938365
200.2,200,77.00414
200.2,200,77.070891
200.2,200,77.622441
194.391886,200,77.689436
200.2,200,77.763427
200.2,200,77.83292
200.2,200,77.899022
200.2,200,78.477468
200.2,200,78.54253
200.2,200,78.608167
200.2,200,78.671074
200.2,200,78.740429
200.2,200,79.374666
200.2,200,79.445128
200.2,200,79.519136
200.2,200,79.589792
200.2,200,79.66003
200.2,200,80.286118
200.2,200,80.353951
200.2,200,80.418899
200.2,200,80.488097
200.2,200,80.557659
200.2,200,80.62393
200.2,200,81.193913
200.2,200,81.26518
200.2,200,81.337757
200.2,200,81.405303
200.2,200,81.472618
200.2,200,82.025558
200.2,200,82.092599
200.2,200,82.158942
200.2,200,82.225692
4.35,10,82.229933
17.391886,23,82.238878
200.2,200,82.310674
200.2,200,82.923177
200.2,200,82.990692
200.2,200,83.057738
200.2,200,83.12585
200.2,200,83.197186
200.2,200,83.823567
200.2,200,83.89139
200.2,200,83.95772
200.2,200,84.025059
200.2,200,84.09232
200.2,200,84.685955
200.2,200,84.758236
200.2,200,84.827938
200.2,200,84.894407
200.2,200,84.960571
200.2,200,85.601197
200.2,200,85.671256
200.2,200,85.740138
200.2,200,85.809613
199.028754,200,85.880051
200.2,200,86.465571
200.2,200,86.531172
200.2,200,86.600715
200.2,200,86.672896
200.2,200,86.744417
200.2,200,87.356157
200.2,200,87.422139
200.2,200,87.487217
200.2,200,87.552584
200.2,200,87.621039
200.2,200,88.268229
200.2,200,88.335517
200.2,200,88.400667
54.391886,60,88.421995
121.35,127,88.464503
200.2,200,88.531878
200.2,200,88.59783
39.35,45,89.147427
207.3,200,89.21494
200.2,200,89.283308
200.2,200,89.351565
200.2,200,89.429693
200.2,200,89.999688
200.2,200,90.066436
200.2,200,90.134032
200.2,200,90.201573
200.2,200,90.268616
200.2,200,90.336892
121.35,127,90.886882
140.391886,146,90.936934
200.2,200,91.005932
200.2,200,91.076679
99.391886,105,91.112801
203.15,200,91.179957
200.2,200,91.764703
200.2,200,91.835233
200.2,200,91.906773
41.35,47,91.923602
200.2,200,91.995404
200.2,200,92.060542
200.2,200,92.692089
200.2,200,92.760345
200.2,200,92.826204
200.2,200,92.891129
200.2,200,92.960999
200.2,200,93.532209
200.2,200,93.601342
200.2,200,93.670348
200.2,200,93.738791
70.391886,76,93.766253
200.2,200,93.837971
200.2,200,94.420623
200.2,200,94.489548
200.2,200,94.564444
200.2,200,94.634304
200.2,200,94.701519
200.2,200,95.275826
200.2,200,95.345724
200.2,200,95.416478
200.2,200,95.483058
200.2,200,95.549331
200.2,200,96.191487
200.2,200,96.259142
200.2,200,96.326923
200.2,200,96.399246
200.2,200,96.467319
200.2,200,97.031257
200.2,200,97.101152
200.2,200,97.171846
200.2,200,97.243536
200.2,200,97.311872
200.2,200,97.882841
36.35,42,97.897881
202.5,200,97.96444
24.391886,30,97.975592
62.391886,68,97.999018
207.15,200,98.065329
200.2,200,98.136677
102.35,108,98.175239
200.2,200,98.776666
200.2,200,98.847363
205.95,200,98.916925
166.35,172,98.975131
200.2,200,99.043396
30.35,36,99.058725
28.35,34,99.07182
199.320854,200,99.71479
130.391886,136,99.759737
65.35,71,99.783985
51.391886,57,99.803922
200.2,200,99.87186
200.2,200,99.94022
200.2,200,100.010152
196.962336,200,100.640169
200.2,200,100.70607
200.2,200,100.772471
200.2,200,100.838662
200.2,200,100.909191
200.2,200,101.486995
200.2,200,101.553568
201.95,200,101.619716
123.35,129,101.664042
199.921281,200,101.732036
200.2,200,102.36731
205.35,200,102.436935
200.2,200,102.505402
200.2,200,102.574331
200.2,200,102.641711
200.2,200,103.214828
200.2,200,103.285509
28.35,34,103.298288
52.391886,58,103.319076
199.645409,200,103.38781
115.35,121,103.429674
200.2,200,103.500535
205.3,200,104.100502
203.5,200,104.170143
61.35,67,104.19457
200.2,200,104.264371
200.2,200,104.333484
77.35,83,104.362762
200.2,200,104.432431
200.2,200,104.996196
47.35,53,105.014849
200.2,200,105.081665
123.391886,129,105.125661
13.391886,19,105.133193
200.2,200,105.19974
204.85,200,105.266566
200.2,200,105.875577
200.2,200,105.943244
198.68931,200,106.009585
200.2,200,106.076034
200.2,200,106.146006
200.2,200,106.738583
200.2,200,106.805142
202.25,200,106.871516
199.645409,200,106.93785
207.95,200,107.007596
209.3,200,107.617031
200.2,200,107.683475
20.391886,26,107.693102
200.2,200,107.759337
200.8,200,107.825477
199.807687,200,107.891537
19.35,25,107.90086
200.2,200,108.486878
199.840142,200,108.553255
200.2,200,108.619003
200.2,200,108.685457
202.9,200,108.751366
203.3,200,109.376799
124.35,130,109.420573
4.35,10,109.424576
128.391886,134,109.4693
200.2,200,109.537283
199.572384,200,109.613174
70.391886,76,109.641695
198.866476,200,110.217799
41.391886,47,110.234564
50.438364,56,110.255394
9.35,15,110.261078
200.2,200,110.327922
199.864484,200,110.39907
205.7,200,110.465402
127.391886,133,110.510531
200.2,200,111.08776
200.2,200,111.154418
119.35,125,111.197473
209.95,200,111.26647
199.466903,200,111.339163
198.87459,200,111.410101
205.55,200,112.008443
208.35,200,112.075008
194.391886,200,112.14048
143.743203,149,112.194295
200.156584,200,112.263213
200.34847,200,112.897416
198.858362,200,112.964089
200.2,200,113.031766
200.2,200,113.102771
200.2,200,113.173926
64.391886,70,113.20068
200.2,200,113.828091
200.2,200,113.89594
72.391886,78,113.922158
198.963843,200,113.993116
151.391886,157,114.051026
200.156584,200,114.117832
200.2,200,114.762202
60.391886,66,114.785422
200.2,200,114.854125
200.2,200,114.921252
200.2,200,114.989067
199.442562,200,115.055274
200.2,200,115.814547
200.2,200,115.882664
200.2,200,115.951053
200.2,200,116.017814
42.35,48,116.035325
200.2,200,116.101413
200.2,200,116.724514
200.2,200,116.790627
200.2,200,116.858228
200.2,200,116.923252
200.2,200,116.994076
1.35,7,116.996971
200.2,200,117.77883
200.2,200,117.849809
202.3,200,117.920801
200.2,200,117.98768
200.2,200,118.058131
200.2,200,118.735849
200.2,200,118.80302
199.158576,200,118.868901
200.2,200,118.935197
200.2,200,119.002518
200.2,200,119.757033
25.35,31,119.768606
200.2,200,119.837185
206.7,200,119.908467
200.2,200,119.975423
206.15,200,120.042364
206.25,200,120.6664
200.2,200,120.733756
199.320854,200,120.799992
200.2,200,120.867406
200.2,200,120.935326
200.2,200,121.544441
202.0,200,121.611328
200.2,200,121.678121
200.2,200,121.744846
200.2,200,121.811372
200.2,200,122.430248
200.2,200,122.499033
14.35,20,122.507111
112.391886,118,122.548173
7.35,13,122.553581
200.2,200,122.621762
-0.608114,5,122.624459
189.391886,195,122.689775
200.535089,200,123.280946
200.2,200,123.3483
200.2,200,123.414897
17.391886,23,123.423686
200.2,200,123.491525
200.2,200,123.558335
148.35,154,123.610798
206.5,200,124.198258
200.2,200,124.264299
199.028754,200,124.331608
200.2,200,124.398165
145.35,151,124.448678
44.391886,50,124.465696
200.2,200,125.142292
200.2,200,125.208565
200.2,200,125.278509
-2.65,3,125.280093
200.2,200,125.349758
158.35,164,125.409588
200.2,200,126.394917
200.2,200,126.462021
200.2,200,126.529663
200.2,200,126.602322
200.2,200,126.676073
200.2,200,127.25235
200.2,200,127.318564
200.2,200,127.385015
200.2,200,127.451094
200.2,200,127.516924
200.2,200,128.109899
200.2,200,128.176125
200.2,200,128.242611
180.675659,187,128.307321
200.2,200,128.378213
200.2,200,128.44468
200.2,200,129.027137
200.2,200,129.09455
187.391886,193,129.161537
201.45,200,129.243206
166.738197,172,129.303724
200.2,200,129.867672
200.2,200,129.934047
200.2,200,130.003128
200.2,200,130.070353
200.2,200,130.137152
200.2,200,130.731999
200.2,200,130.802212
200.2,200,130.871235
200.2,200,130.938311
200.2,200,131.006165
200.2,200,131.626808
200.2,200,131.703789
200.2,200,131.777268
200.2,200,131.844229
200.2,200,131.910827
200.2,200,132.799587
200.2,200,132.866771
200.2,200,132.933431
200.2,200,133.000858
200.2,200,133.072205
80.35,86,133.103197
204.25,200,133.699246
200.2,200,133.767127
183.35,189,133.830178
200.2,200,133.902499
200.2,200,133.973123
200.2,200,134.54415
200.2,200,134.611513
200.2,200,134.682236
200.2,200,134.750812
200.2,200,134.816617
200.2,200,135.572415
118.35,124,135.616407
210.2,200,135.689624
200.2,200,135.758324
200.2,200,135.828455
200.2,200,135.899255
200.2,200,136.655148
199.207259,200,136.725467
200.2,200,136.793882
200.2,200,136.862154
200.2,200,136.929433
200.2,200,137.54915
200.2,200,137.615141
200.2,200,137.687
200.2,200,137.753346
200.2,200,137.822446
200.2,200,138.490734
200.2,200,138.560822
200.2,200,138.627118
200.2,200,138.696193
200.2,200,138.763085
200.2,200,139.648602
200.2,200,139.714864
6.391886,12,139.719852
200.2,200,139.787388
200.2,200,139.855756
200.2,200,139.926339
200.2,200,140.574033
200.2,200,140.640568
200.2,200,140.707487
200.2,200,140.77428
200.2,200,140.840761
200.2,200,141.481931
200.2,200,141.550015
200.2,200,141.61675
200.2,200,141.68345
200.2,200,141.750224
200.2,200,142.347059
200.2,200,142.415192
200.2,200,142.483556
200.2,200,142.551876
200.2,200,142.62145
209.4,200,143.197859
200.2,200,143.265805
202.4,200,143.333503
200.2,200,143.399761
200.2,200,143.467336
207.7,200,143.535254
200.2,200,144.190635
200.2,200,144.258002
198.923273,200,144.326373
200.2,200,144.39431
209.3,200,144.462079
36.527617,42,145.314719
210.2,200,145.381369
51.013248,57,145.401094
56.391886,62,145.422804
5.391886,11,145.427258
47.391886,53,145.445815
29.73991,35,145.458492
21.589055,27,145.469165
199.238197,194,145.534028
13.391886,19,145.541277
40.527617,46,145.557962
43.638197,48,145.575694
51.35,57,145.595295
109.049736,116,145.638783
47.391886,53,145.657606
8.391886,14,145.663293
-1.65,4,145.665337
11.566892,17,145.671793
34.895161,40,146.475009
13.391886,19,146.481877
9.657724,15,146.487572
210.35,200,146.554626
12.391886,18,146.56142
-1.608114,4,146.563196
43.35,49,146.580364
95.391886,101,146.614485
25.519503,31,146.625162
59.35,65,146.647406
200.2,200,146.713683
118.391886,124,146.75561
207.2,200,147.523559
88.391886,94,147.557478
205.25,200,147.626406
202.123936,200,147.694464
44.488197,48,147.711961
128.621969,134,147.75817
70.35,76,147.785314
154.35,160,147.840168
200.2,200,148.472161
205.3,200,148.538982
108.35,114,148.581371
77.938197,81,148.609885
187.738197,184,148.67463
200.2,200,148.742189
51.511389,57,148.762398
200.2,200,149.425676
30.391886,36,149.438946
69.725658,75,149.464834
139.238197,138,149.511097
90.621969,96,149.54385
200.2,200,149.611314
202.05,200,149.678041
202.55,200,150.494749
202.9,200,150.561164
2.391886,8,150.565619
200.2,200,150.632105
125.391886,131,150.678513
200.2,200,150.745347
21.391886,27,150.755682
16.35,22,150.764097
1.391886,7,150.767174
200.2,200,151.65406
200.2,200,151.721151
200.2,200,151.787823
86.35,92,151.823877
183.35,189,151.888062
200.2,200,151.954134
200.2,200,152.698599
199.888825,200,152.766727
82.35,88,152.798727
200.2,200,152.865041
200.2,200,152.931353
200.2,200,152.997692
200.2,200,153.716565
200.2,200,153.783849
200.2,200,153.856299
200.2,200,153.922811
200.2,200,153.989571
200.2,200,154.621131
200.2,200,154.688486
200.2,200,154.771368
200.067331,200,154.843163
200.2,200,154.914812
200.2,200,155.591493
200.2,200,155.658227
200.2,200,155.724843
200.2,200,155.792782
200.2,200,155.861936
200.2,200,156.693803
200.2,200,156.760084
200.2,200,156.826901
200.2,200,156.894062
200.2,200,156.960784
200.2,200,157.707319
200.2,200,157.774499
200.2,200,157.842057
200.2,200,157.910833
200.2,200,157.977858
200.2,200,158.639561
200.2,200,158.705542
200.2,200,158.772286
200.2,200,158.838872
200.2,200,158.906162
200.2,200,159.704063
200.2,200,159.772684
200.2,200,159.839652
200.2,200,159.911231
200.2,200,159.978591
200.2,200,160.044797
44.621969,50,160.682467
200.2,200,160.749538
200.2,200,160.81608
200.2,200,160.883047
200.2,200,160.950165
200.2,200,161.756582
200.2,200,161.835317
200.2,200,161.902889
200.2,200,161.973811
200.2,200,162.041003
200.2,200,162.107327
200.2,200,162.92355
45.35,51,162.94166
200.2,200,163.008247
203.8,200,163.074945
200.2,200,163.143636
200.2,200,163.796604
200.2,200,163.863241
200.2,200,163.931374
200.2,200,164.010067
200.2,200,164.077522
200.2,200,164.14316
73.35,79,164.717791
82.988197,86,164.747932
-1.472383,4,164.749689
54.35,60,164.770464
150.038197,154,164.822508
119.391886,125,164.866297
43.35,49,164.883245
32.35,38,164.897735
12.35,18,164.905661
-1.65,4,164.907715
206.3,200,164.975131
30.173283,36,164.988734
1.391886,7,164.991673
79.438197,84,165.020592
14.35,20,165.02807
16.391886,22,165.036082
6.35,12,165.040656
1.391886,7,165.043369
40.993993,46,165.691351
66.391886,72,165.716183
212.85,200,165.783207
4.35,10,165.78771
1.391886,7,165.790673
72.391886,78,165.818245
54.47082,60,165.840109
8.35,14,165.845409
81.35,87,165.876415
18.391886,24,165.885109
60.391886,66,165.909587
19.35,25,165.922998
200.2,200,165.996774
81.391886,87,166.02813
10.54083,16,166.036861
200.2,200,166.859173
40.391886,46,166.875819
114.565172,120,166.921263
87.35,93,166.95688
97.391886,103,166.99506
11.391886,17,167.001909
206.15,200,167.075144
208.55,200,167.146699
18.391886,24,167.155712
158.35,164,167.849766
6.391886,12,167.854557
113.391886,119,167.896727
207.25,200,167.965954
4.35,10,167.970073
119.048867,130,168.015028
200.2,200,168.083541
141.043526,147,168.134822
78.605741,84,168.165847
135.35,141,168.895026
200.2,200,168.962054
203.2,200,169.028908
200.2,200,169.09532
119.35,125,169.139938
175.391886,181,169.204824
200.2,200,170.080405
0.35,6,170.083083
200.2,200,170.150038
81.527617,87,170.180012
60.35,66,170.203274
177.35,183,170.263815
200.2,200,170.330772
192.9,197,171.165913
122.391886,128,171.209308
200.2,200,171.277703
200.2,200,171.346934
22.35,28,171.357533
210.2,200,171.427173
204.1,200,172.289355
200.2,200,172.356277
200.2,200,172.42339
200.2,200,172.490761
204.7,200,172.559174
200.2,200,173.570928
200.2,200,173.639627
200.2,200,173.706827
200.2,200,173.774468
88.527617,94,173.807316
200.2,200,173.8742
158.35,164,174.815613
200.2,200,174.886629
200.2,200,174.960217
200.2,200,175.0291
200.2,200,175.103068
10.35,16,175.109663
200.2,200,175.858392
200.2,200,175.931926
200.2,200,176.001271
200.205267,200,176.073014
200.2,200,176.142742
200.2,200,176.996103
200.2,200,177.064063
200.2,200,177.131132
200.2,200,177.1996
200.2,200,177.267107
200.2,200,177.334447
200.2,200,178.149669
200.2,200,178.216699
200.2,200,178.283868
200.2,200,178.351083
200.2,200,178.418049
200.2,200,179.160711
200.2,200,179.229125
200.2,200,179.300637
200.2,200,179.373133
200.2,200,179.444998
200.2,200,180.261683
200.2,200,180.329512
200.2,200,180.395625
200.2,200,180.463018
79.300428,85,180.492982
200.2,200,180.560157
200.2,200,181.265587
200.2,200,181.332858
200.2,200,181.401951
200.2,200,181.470057
200.2,200,181.537939
200.2,200,182.228492
200.2,200,182.295733
200.2,200,182.363405
200.2,200,182.432119
200.2,200,182.499592
200.2,200,183.414163
17.391886,23,183.422911
200.2,200,183.489597
14.438197,19,183.497456
57.788197,61,183.518616
203.75,200,183.585848
200.2,200,183.652895
29.519503,35,183.665466
197.826336,200,184.369975
106.35,112,184.408942
209.2,200,184.47545
202.25,200,184.542737
200.2,200,184.609435
200.2,200,184.676267
200.2,200,185.345942
200.2,200,185.41355
200.2,200,185.480525
200.2,200,185.548822
97.35,103,185.584531
71.391886,77,185.611332
200.2,200,186.278863
182.35,188,186.34287
200.2,200,186.409521
200.2,200,186.476813
200.2,200,186.544546
200.2,200,187.150031
200.2,200,187.216488
200.2,200,187.281649
200.2,200,187.348337
200.2,200,187.415565
165.35,171,188.00903
0.35,6,188.01145
191.391886,197,188.078084
25.391886,31,188.090581
200.2,200,188.160688
73.391886,79,188.188503
182.589969,188,188.251479
33.35,39,188.265367
204.8,200,188.332666
17.478934,23,188.341679
2.589513,8,188.345173
200.391886,200,188.969118
204.0,200,189.036123
111.43025,117,189.076029
23.438364,29,189.086709
161.487048,167,189.143045
208.25,200,189.21093
58.391886,64,189.233815
124.483676,132,189.869044
129.391886,135,189.914753
14.391886,20,189.922678
204.8,200,189.989985
8.652835,14,189.995913
200.2,200,190.063225
16.35,22,190.071737
39.35,45,190.088012
62.35,68,190.112194
200.2,200,190.179522
162.391886,168,190.761648
37.35,43,190.776657
26.751317,32,190.787987
200.2,200,190.855376
200.2,200,190.921994
200.2,200,190.988846
200.2,200,191.056275
200.2,200,191.683243
71.35,77,191.710058
200.2,200,191.77584
200.2,200,191.84233
108.35,114,191.880986
200.2,200,191.94862
200.2,200,192.554414
61.35,67,192.577877
200.2,200,192.644849
200.2,200,192.713317
200.2,200,192.784256
200.2,200,192.854382
200.2,200,193.461918
184.391886,190,193.524168
200.2,200,193.591383
200.2,200,193.657719
200.2,200,193.724822
200.2,200,194.319781
200.2,200,194.385945
200.2,200,194.452789
200.2,200,194.520538
200.2,200,194.590308
200.2,200,195.223526
165.35,171,195.281123
200.2,200,195.348545
200.2,200,195.415287
200.2,200,195.482086
68.391886,74,195.507962
200.535089,200,196.109096
200.2,200,196.177519
200.2,200,196.24539
205.35,200,196.312749
200.2,200,196.378686
121.824853,130,196.972628
209.65,200,197.040912
210.2,200,197.107369
209.6,200,197.174788
46.503275,52,197.194569
106.391886,112,197.232687
209.201317,200,197.299512
207.35,200,197.893284
200.2,200,197.960111
200.2,200,198.026949
200.2,200,198.093242
200.2,200,198.160125
0.391886,6,198.162844
200.2,200,198.745287
200.2,200,198.812286
200.2,200,198.878562
200.2,200,198.945309
200.567544,200,199.012169
207.45,200,199.669266
76.391886,82,199.698609
127.478934,133,199.744309
9.391886,15,199.750381
84.391886,90,199.780919
47.621969,53,199.79954
204.05,200,199.865835
102.35,108,199.901572
208.9,200,199.968073
158.391886,164,200.597214
200.2,200,200.666282
205.3,200,200.737502
200.2,200,200.805976
200.2,200,200.87474
76.35,82,200.905081
201.406584,200,201.559111
200.2,200,201.626834
200.2,200,201.696262
208.65,200,201.768251
200.2,200,201.848965
200.2,200,202.769347
37.35,43,202.785534
139.35,145,202.837672
51.35,57,202.858285
200.2,200,202.926813
25.35,31,202.938752
200.2,200,203.005304
207.55,200,204.074914
200.2,200,204.146221
209.65,200,204.213472
135.391886,141,204.263264
200.2,200,204.33183
200.2,200,204.402388
208.85,200,205.398539
200.2,200,205.467368
200.2,200,205.533615
200.2,200,205.599838
161.391886,167,205.655859
200.2,200,206.611962
2.35,8,206.61605
200.2,200,206.682673
22.35,28,206.694051
200.2,200,206.760625
114.35,120,206.800324
200.2,200,206.866986
200.2,200,207.690717
200.2,200,207.757681
199.475017,200,207.824286
194.638106,200,207.890811
207.8,200,207.957141
124.008328,130,208.001918
200.2,200,208.746895
89.35,95,208.780592
200.2,200,208.849236
200.2,200,208.91854
202.7,200,208.987778
205.6,200,209.05854
200.2,200,209.916767
200.2,200,209.986795
198.993495,200,210.056389
200.096939,200,210.125429
200.2,200,210.195905
200.2,200,210.909997
200.2,200,210.980812
200.2,200,211.049512
200.2,200,211.118168
200.2,200,211.187794
200.2,200,212.014506
200.2,200,212.080382
200.2,200,212.147003
137.391886,143,212.19448
200.2,200,212.265067
200.2,200,213.077709
200.2,200,213.148462
200.2,200,213.215627
200.2,200,213.281037
200.2,200,213.350337
200.2,200,214.092268
200.2,200,214.159112
200.2,200,214.225762
200.2,200,214.29236
200.2,200,214.359332
200.2,200,215.028771
208.3,200,215.094337
200.2,200,215.166179
200.2,200,215.234699
98.605741,104,215.270983
49.256844,55,215.290447
66.605741,72,215.315744
200.2,200,215.975282
200.2,200,216.043806
200.2,200,216.113097
160.35,166,216.17125
208.6,200,216.239942
200.2,200,216.308924
200.2,200,217.139112
200.2,200,217.207397
200.2,200,217.27517
200.2,200,217.343918
200.2,200,217.411753
200.2,200,218.308494
203.6,200,218.377237
200.2,200,218.44443
200.2,200,218.512179
24.391886,30,218.523302
200.2,200,218.589786
200.2,200,219.469449
162.35,168,219.529341
200.2,200,219.600225
200.2,200,219.685505
200.2,200,219.751262
66.605741,72,219.77686
200.2,200,220.509216
200.2,200,220.577358
200.2,200,220.65312
200.2,200,220.719932
200.2,200,220.784602
200.2,200,221.542074
90.256844,96,221.575655
200.270178,200,221.64366
196.422678,200,221.71231
200.2,200,221.781899
71.391886,77,221.810368
200.2,200,222.609389
40.35,46,222.625886
200.2,200,222.693155
200.2,200,222.763292
210.2,200,222.834131
200.2,200,222.906487
200.2,200,223.725482
200.2,200,223.792484
99.391886,105,223.828582
41.391886,47,223.845152
203.05,200,223.911892
200.172811,200,223.978528
208.15,200,224.663289
200.2,200,224.729166
200.2,200,224.794791
10.391886,16,224.801263
160.391886,166,224.859645
199.926548,200,224.927671
170.35,176,224.986447
200.2,200,225.627956
200.2,200,225.693875
200.2,200,225.760844
200.2,200,225.827144
200.2,200,225.893377
131.35,137,226.734988
29.69452,35,226.747352
14.391886,20,226.754778
205.8,200,226.820883
207.3,200,226.887678
208.567544,200,226.954536
31.503275,37,226.968354
208.35,200,227.033841
42.35,48,227.708878
62.35,68,227.732616
140.018509,149,227.782264
200.2,200,227.847998
21.788197,27,227.858879
204.2,200,227.927485
208.55,200,227.994252
9.391886,15,227.999964
-2.608114,3,228.001619
209.35,200,228.769212
116.559085,123,228.814405
136.35,142,228.862041
207.15,200,228.928799
87.54083,93,228.9607
51.391886,57,228.980968
200.559431,200,229.04576
200.2,200,229.79362
39.35,45,229.809441
208.45,200,229.877905
72.597627,78,229.906116
118.35,124,229.949752
200.2,200,230.018453
47.668861,53,230.037537
93.391886,99,230.070596
205.65,200,230.706805
209.05,200,230.773765
115.605741,121,230.81524
200.575658,200,230.883086
201.75,200,230.952687
55.35,61,230.973955
200.2,200,231.041698
200.2,200,231.629677
11.524602,17,231.636969
200.2,200,231.702818
4.391886,10,231.706922
197.997709,200,231.773204
202.593203,200,231.841617
200.2,200,231.910634
200.2,200,232.672976
200.2,200,232.739534
210.2,200,232.808492
181.487048,187,232.874574
200.2,200,232.942158
200.2,200,233.854065
200.2,200,233.920936
33.391886,39,233.942042
200.2,200,234.010118
200.2,200,234.079722
72.35,78,234.113296
200.2,200,235.090111
200.2,200,235.163489
200.2,200,235.22989
200.2,200,235.296608
200.2,200,235.365578
200.359431,200,236.025871
200.2,200,236.093702
200.2,200,236.162193
200.2,200,236.230097
200.2,200,236.298063
200.2,200,236.36529
33.391886,39,237.068958
200.2,200,237.134507
206.35,200,237.203883
199.869751,200,237.271562
200.2,200,237.336302
200.2,200,237.401661
200.9,200,238.156332
200.2,200,238.222956
200.2,200,238.289459
200.2,200,238.377782
200.2,200,238.446956
200.2,200,239.046064
200.2,200,239.112407
200.2,200,239.176567
200.2,200,239.242996
200.2,200,239.316037
200.2,200,240.169132
200.2,200,240.235244
200.2,200,240.301783
200.85,200,240.367952
200.2,200,240.434082
202.1,200,241.100872
209.7,200,241.166831
200.2,200,241.23226
200.2,200,241.298485
200.2,200,241.364381
200.2,200,241.997404
200.2,200,242.064857
200.2,200,242.132101
200.2,200,242.202374
32.391886,38,242.21663
200.2,200,242.284131
200.2,200,243.050541
23.391886,29,243.060551
200.2,200,243.12605
200.2,200,243.194004
200.2,200,243.261787
200.2,200,243.327824
200.2,200,243.957389
200.2,200,244.02496
200.2,200,244.091848
200.2,200,244.158187
200.2,200,244.225788
200.2,200,244.922056
200.2,200,244.990406
200.2,200,245.056159
200.2,200,245.124222
7.35,13,245.129116
200.2,200,245.19633
200.2,200,246.016222
200.2,200,246.084773
200.2,200,246.155314
200.2,200,246.22398
200.2,200,246.291021
200.2,200,247.184288
200.2,200,247.251493
200.2,200,247.317775
200.2,200,247.384283
200.2,200,247.450832
200.2,200,248.133769
200.2,200,248.200022
200.2,200,248.270084
200.2,200,248.336508
200.2,200,248.4066
200.2,200,249.157711
200.2,200,249.224005
200.2,200,249.2908
200.2,200,249.359728
159.35,165,249.416385
200.2,200,249.495297
200.2,200,250.269391
200.2,200,250.336217
200.2,200,250.402285
200.2,200,250.467938
200.2,200,250.538221
200.2,200,251.379691
200.2,200,251.44562
200.2,200,251.511677
200.2,200,251.578607
200.2,200,251.646795
200.2,200,252.618017
200.2,200,252.685737
200.2,200,252.754197
200.2,200,252.82379
200.2,200,252.902504
200.2,200,253.723753
200.2,200,253.799446
200.2,200,253.877447
200.2,200,253.954786
200.2,200,254.025838
200.2,200,254.904188
200.2,200,254.968901
200.2,200,255.03605
200.2,200,255.102367
200.2,200,255.168661
200.2,200,255.919206
200.2,200,255.986814
200.2,200,256.056367
179.391886,185,256.122185
206.9,200,256.191767
200.2,200,256.260454
200.2,200,256.893677
200.2,200,256.961043
140.391886,146,257.009886
200.2,200,257.076615
45.391886,51,257.094507
200.2,200,257.160626
200.2,200,257.756292
200.2,200,257.825084
200.2,200,257.893179
200.2,200,257.960798
200.2,200,258.027145
200.2,200,258.623445
200.2,200,258.693846
200.2,200,258.762489
200.2,200,258.831888
200.2,200,258.901935
200.2,200,259.541868
200.2,200,259.611653
200.2,200,259.683644
200.2,200,259.754556
200.2,200,259.82537
200.2,200,260.421075
200.2,200,260.487821
200.2,200,260.5585
200.2,200,260.628014
200.2,200,260.699911
200.2,200,261.346152
200.2,200,261.416381
26.35,32,261.427884
200.2,200,261.496667
199.734662,200,261.566998
199.044982,200,261.637357
24.35,30,261.648663
200.2,200,262.283158
200.2,200,262.350485
200.2,200,262.422161
200.2,200,262.493393
200.2,200,262.560493
200.2,200,263.333765
200.2,200,263.406076
200.2,200,263.475693
199.377651,200,263.545088
118.391886,124,263.590077
200.2,200,263.657192
200.2,200,264.323001
200.2,200,264.39346
200.2,200,264.463468
200.2,200,264.530616
200.2,200,264.597427
93.391886,99,265.250912
200.2,200,265.324339
200.2,200,265.396703
200.2,200,265.479879
200.2,200,265.549935
200.2,200,266.276312
200.2,200,266.347922
200.2,200,266.422051
200.2,200,266.500043
200.2,200,266.56686
200.2,200,267.235986
200.2,200,267.302896
200.2,200,267.367348
200.2,200,267.432881
200.2,200,267.499339
200.2,200,267.566128
200.2,200,268.167719
200.2,200,268.237756
200.2,200,268.30447
200.2,200,268.372181
200.2,200,268.437943
200.2,200,269.013823
200.2,200,269.084344
200.2,200,269.151051
200.2,200,269.218643
200.2,200,269.285398
200.2,200,269.943397
200.2,200,270.010655
200.2,200,270.077842
200.2,200,270.148859
200.2,200,270.220763
200.2,200,270.866096
200.2,200,270.937256
200.2,200,271.008405
200.2,200,271.078796
200.2,200,271.149164
200.2,200,271.765583
200.2,200,271.8321
200.2,200,271.904258
200.2,200,271.975074
200.2,200,272.045998
200.2,200,272.746918
200.2,200,272.822333
200.2,200,272.892248
200.2,200,272.961782
200.2,200,273.033809
200.2,200,273.692255
200.2,200,273.760855
200.2,200,273.83134
200.2,200,273.902247
200.2,200,273.973654
200.2,200,274.590554
202.9,200,274.661674
200.2,200,274.732286
200.2,200,274.804066
-1.608114,4,274.806349
200.2,200,274.877145
200.2,200,274.949778
200.2,200,275.547862
12.391886,18,275.554681
200.2,200,275.625695
156.35,162,275.682762
200.2,200,275.752867
200.2,200,275.823527
200.2,200,276.54582
199.896939,200,276.613281
200.2,200,276.679558
199.507473,200,276.745178
200.2,200,276.811706
200.2,200,277.473801
200.2,200,277.54486
200.2,200,277.61616
200.2,200,277.68375
200.2,200,277.751415
92.391886,98,278.299469
-1.608114,4,278.301325
20.391886,26,278.310406
32.04294,37,278.32347
2.35,8,278.326552
36.35,42,278.341277
-1.608114,4,278.34322
51.937344,55,278.362901
8.702944,12,278.367989
-2.65,3,278.369253
43.688197,48,278.386127
0.029289,5,278.388248
5.73991,11,278.392566
7.35,13,278.397686
23.35,29,278.408044
-0.608114,5,278.410397
13.129289,18,278.417502
-3.608114,2,278.418787
15.7,20,278.427345
-2.608114,3,278.428917
-0.608114,5,278.431246
4.391886,10,278.435059
15.391886,21,278.443383
5.726393,9,278.447325
-1.608114,4,278.449024
3.888197,9,278.452466
10.527617,16,278.458355
7.35,13,278.464008
-0.608114,5,278.466328
12.738197,18,278.473233
2.788197,8,278.47679
-2.65,3,278.47842
17.169199,20,278.486403
12.495059,15,278.493407
12.207724,17,278.500065
8.9,14,278.505509
3.938197,9,278.509162
8.807067,14,278.514624
3.391886,9,278.518579
13.988197,19,278.52535
9.657724,15,278.531268
3.391886,9,278.53509
-2.608114,3,278.536413
34.391886,40,278.550805
-1.261803,4,278.552488
34.73991,40,278.566528
12.2,17,278.572783
4.35,10,278.576719
15.188197,20,278.583786
25.938197,31,278.595853
-1.608114,4,278.597582
3.61308,9,278.600987
24.391886,30,278.612136
1.35,7,278.615204
61.499477,67,278.638289
-2.608114,3,278.639666
40.129289,44,278.655656
23.625275,26,278.665491
19.138197,24,278.674782
-1.65,4,278.676709
27.35,33,279.172424
5.391886,11,279.176779
37.133856,42,279.191726
46.852572,50,279.209304
18.35,24,279.217883
3.7,7,279.220934
23.488816,29,279.231274
0.35,6,279.233797
13.391886,19,279.24081
20.627447,26,279.250313
4.73991,10,279.254453
45.488197,50,279.271428
11.129289,16,279.277506
9.35,15,279.282982
-0.361803,5,279.285014
16.505295,19,279.292407
33.95,39,279.305899
0.391886,6,279.308336
7.888197,13,279.313154
1.35,7,279.316144
18.35,24,279.324718
12.838197,18,279.33191
17.838197,22,279.339854
34.391886,40,279.354187
14.35,20,279.361737
9.838197,15,279.367864
30.391886,36,279.381103
-3.608114,2,279.382345
17.999477,21,279.391104
49.502944,54,279.411344
2.35,8,279.415028
0.35,6,279.417821
5.35,11,279.422455
3.35,9,279.426106
62.35,68,279.45196
38.969199,44,279.469513
57.599477,61,279.492989
23.35,29,279.503908
-0.020711,5,279.506212
0.391886,6,279.509415
56.845592,60,279.532564
19.129289,24,279.542706
9.35,15,279.549525
-0.608114,5,279.552469
3.35,9,294.574961
23.638197,28,294.699186
-0.65,5,294.723231
9.779289,14,294.786571
13.338197,18,294.8589
65.669333,68,295.237658
8.391886,14,295.276823
24.35,30,295.36572
42.391886,48,295.54211
3.73991,9,295.577726
5.496407,11,295.615784
0.35,6,295.637011
16.988197,21,295.701014
33.391886,39,295.827749
17.35,23,295.898407
20.391886,26,295.968586
21.538197,26,296.039706
-0.65,5,296.056729
69.699477,73,296.322718
31.391886,37,296.448351
12.35,18,296.495713
19.391886,25,296.573807
21.391886,27,296.663941
3.391886,9,296.692807
4.6,8,296.719512
7.679355,13,296.767516
14.35,20,296.833286
6.35,12,296.872682
23.788197,29,296.965126
21.138197,26,297.047035
7.35,13,297.085559
15.790945,22,297.153613
11.391886,17,297.210936
-0.608114,5,297.22578
12.709632,18,297.279919
10.35,16,297.330038
-3.608114,2,297.335317
1.35,7,297.358295
27.646512,33,297.466192
4.429289,9,297.496694
122.459632,127,297.902399
